#Data Generated At: Fri Aug 26 06:13:01 EDT 2011
#Data Records=402
#Query: MARKET_SECTOR_DES=Corp, SECURITY_TYP=DIP REV
7677 E BERRY AVENUE ASSOC|BRYAVE L 12/31/49|||COBL5094596|DIP REV|Corp|BBG00016PTL0|||||25605||||
ABITIBI-CONSOLIDATED INC|ABH L 06/15/10|||COLN4676364|DIP REV|Corp|BBG0001664S9|||||25605||||
ACME METALS INC|AMIIQ L 09/29/00|||COLN0107455|DIP REV|Corp|BBG00010L1V7|||||25605||||
ACT MANUFACTURING INC|ACTMQ L 06/30/02|||COLN0716057|DIP REV|Corp|BBG00010H9Z1|||||25605||||
ACTERNA CORP|ACTRQ L 05/31/04|||COLN1198396|DIP REV|Corp|BBG000125XH7|||||25605||||
ADALTIS INC|ADSCN L 12/31/49|||COBL4889111|DIP REV|Corp|BBG00016G1J4|||||25605||||
ADELPHIA COMMUNICATIONS|ADELQ L 06/25/04|||COLN0793403|DIP REV|Corp|BBG00011TPQ0|||||25605||||
ADVANCED LIGHTING TECHS|ADLTQ L 02/28/04|||COLN1386231|DIP REV|Corp|BBG00012CL85|||||25605||||
ADVANCED LIGHTING TECHS|ADLTQ L 07/30/03|||COLN1209946|DIP REV|Corp|BBG000126NZ8|||||25605||||
AGWAY INC|AGWAYI L 04/04/04|||COLN0906021|DIP REV|Corp|BBG00011YWH9|||||25605||||
AIR CANADA|AIRCAN L 10/31/04|||COLN1428686|DIP REV|Corp|BBG00012DV37|||||25605||||
ALADDIN GAMING LLC|ALADDI L 06/14/02|||COLN0718798|DIP REV|Corp|BBG00011PZP3|||||25605||||
ALERIS INTERNATIONAL INC|ARS L 12/31/49|||COLN2842661|DIP REV|Corp|BBG00013ZZD1|||||25605||||
ALLIED HOLDINGS INC|AHIZQ L 03/30/07 Y1|||COLN2287206|DIP REV|Corp|BBG00013BTN0|||||25605||||
ALLIED HOLDINGS INC|AHIZQ L 09/30/07 R1|||COLN3367098|DIP REV|Corp|BBG00014LZK6|||||25605||||
ALTERNATIVE DISTRIBUTION SY|ALTDIS L 12/31/49|||COBL5106549|DIP REV|Corp|BBG00016Q345|||||25605||||
AMC-GCT INC|AMC L 10/13/01|||COLN0354123|DIP REV|Corp|BBG0001145H1|||||25605||||
AMER SAFETY RAZOR CO|ENR L 01/31/11 DI|||COBL6848412|DIP REV|Corp|BBG0015MGLQ1|||||25605||||
AMERCO|UHAL L 06/19/08|||COLN1319265|DIP REV|Corp|BBG000129S39|||||25605||||
AMERCO|UHAL L 08/13/04|||COLN1319109|DIP REV|Corp|BBG000129RZ6|||||25605||||
AMERICAN ARCHITECTURAL PRDCT|AAPC L 12/14/02|||COLN0917010|DIP REV|Corp|BBG00011Z3Q2|||||25605||||
AMERICAN BUSINESS FINL SVCS|ABFIQ L 02/21/06 A|||COLN2039177|DIP REV|Corp|BBG000131QP5|||||25605||||
AMERICAN BUSINESS FINL SVCS|ABFIQ L 02/21/06 B|||COLN2039219|DIP REV|Corp|BBG000131QQ4|||||25605||||
AMERICAN BUSINESS FINL SVCS|ABFIQ L 02/21/06 C|||COLN2039250|DIP REV|Corp|BBG000131QR3|||||25605||||
AMERICAN COLOR GRAPHICS|AMERCO L 07/17/10|||COLN4116098|DIP REV|Corp|BBG00015JJP7|||||25605||||
AMERICAN COMML LINES LLC|ACLI L 07/31/04 A|||COLN1120192|DIP REV|Corp|BBG000124ZY4|||||25605||||
AMERICAN COMMUNITY NEWSPAP|AMERNW L 07/31/09|||COLN4660350|DIP REV|Corp|BBG000165S70|||||25605||||
AMERICAN COMPANY NEWSPAPERS|ANE L 12/31/49|||COLN4742133|DIP REV|Corp|BBG000168835|||||25605||||
AMERICAN PAD & PAPER CO|AMPPQ L 07/17/00 *|||COLN0215035|DIP REV|Corp|BBG00010HL48|||||25605||||
AMES MERCHANDISING CORP|AMESQ L 08/20/03 A|||COLN0459492|DIP REV|Corp|BBG00011BTB7|||||25605||||
AMES MERCHANDISING CORP|AMESQ L 08/20/03 B|||COLN0459534|DIP REV|Corp|BBG00011BTC6|||||25605||||
AMF BOWLING WORLDWIDE/OLD|ABWI L 07/05/02|||COLN0451630|DIP REV|Corp|BBG00011BJ47|||||25605||||
ANCHOR BLUE RETAIL GROUP|ANCBLU L 12/31/49|||COLN4734858|DIP REV|Corp|BBG0001682S1|||||25605||||
ANCHOR GLASS CONTAINER CORP|ANGLAS L 08/09/06|||COLN2356548|DIP REV|Corp|BBG00013F255|||||25605||||
ANGIOTECH PHARMACEUTICAL|ANPCN L 06/30/11 1|||COBL7603964|DIP REV|Corp|BBG001FDNT58|||||25605||||
APPLIED EXTRUSION TECH INC|AETC L 12/02/05|||COLN1963609|DIP REV|Corp|BBG00012ZH25|||||25605||||
APPLIED LNG TECH USA|APPLNG L 04/01/11|||COBL5244449|DIP REV|Corp|BBG00016WB86|||||25605||||
APPLIED SOLAR INC|APSOQ L 10/16/09|||COBL4958650|DIP REV|Corp|BBG00016J922|||||25605||||
ARCHBROOK LAGUNA|ARCLAG L 12/31/49 2|||COBL8260293|DIP REV|Corp|BBG001XJTT68|||||25605||||
ARCLIN|ARCLIN L 12/31/49|||COBL4926632|DIP REV|Corp|BBG00016HJF8|||||25605||||
ARMSTRONG WORLD INDUSTRIES|AWI L 12/08/06 *|||COLN0387305|DIP REV|Corp|BBG0001163B0|||||25605||||
ASA OPCO HOLDINGS LLC|VSE L 06/10/09|||COLN4310634|DIP REV|Corp|BBG00015S0X9|||||25605||||
ATKINS NUTRITIONALS INC|ATKINS L 04/30/06|||COLN2333851|DIP REV|Corp|BBG00013DJC2|||||25605||||
AURORA FOODS INC|PINNFO L 06/11/04|||COLN1480398|DIP REV|Corp|BBG00012GD98|||||25605||||
AURORA OIL & GAS CORP|AOG L 01/07/10|||COBL5366861|DIP REV|Corp|BBG000170ZC1|||||25605||||
BABCOCK & WILCOX CO|BWC L 12/21/06|||COLN1969291|DIP REV|Corp|BBG00012ZMC3|||||25605||||
BALLY TOTAL FITNESS HLDGS|BFT L 03/31/08 R|||COLN3548937|DIP REV|Corp|BBG00014VBM6|||||25605||||
BASHAS' SUPERMARKETS|BASHA L 12/31/49|||COBL4875854|DIP REV|Corp|BBG00016F6M0|||||25605||||
BI-LO LLC|BILOLC L 12/31/49|||COLN4531106|DIP REV|Corp|BBG0001613Q8|||||25605||||
BIOVEST INTERNATIONAL INC|ABPIQ L 12/31/49 1|||COBL7206420|DIP REV|Corp|BBG0018HNHL5|||||25605||||
BLOCKBUSTER INC|DISH L 04/30/11|||COBL6970950|DIP REV|Corp|BBG0016Q1S73|||||25605||||
BORDERS GROUP INC|BGP L 02/16/12 1|||COBL7657887|DIP REV|Corp|BBG001J59L81|||||25605||||
BOSCOVS DEPARTMENT STORES|BOSDEP L 08/05/09|||COLN4070667|DIP REV|Corp|BBG00015GX06|||||25605||||
BOSTON CHICKEN INC|NNN L 04/04/00|||COLN0103744|DIP REV|Corp|BBG00010K8W2|||||25605||||
BROADSTRIPE LLC|BROADS L 12/31/10|||COBL5570736|DIP REV|Corp|BBG000178YZ1|||||25605||||
BRUNO'S INC|BRUINC L 03/06/00|||COLN0068046|DIP REV|Corp|BBG00010FTL4|||||25605||||
BUDGET GROUP INC|CAR L 06/06/03|||COLN0957511|DIP REV|Corp|BBG000120FD5|||||25605||||
BUFFETS INC|BOCB L 04/30/09|||COLN3774038|DIP REV|Corp|BBG000153JR2|||||25605||||
BUILDING MATERIAL HOLDING CP|BLG L 01/02/10 A|||COBL4783405|DIP REV|Corp|BBG000169TB9|||||25605||||
BURLINGTON INDS INC|ITXN L 11/15/03|||COLN0702370|DIP REV|Corp|BBG00011NNS9|||||25605||||
CALPINE CORPORATION|CPNLQ L 12/20/07 *|||COLN2521349|DIP REV|Corp|BBG00013MFN8|||||25605||||
CANWEST LP|CGSCN L 07/31/10|||COBL5710258|DIP REV|Corp|BBG00017G3J8|||||25605||||
CANWEST MEDIA INC|CGSCN L 10/06/10|||COLN4719438|DIP REV|Corp|BBG000167QR0|||||25605||||
CARAUSTAR INDUSTRIES INC|CSAR L 03/04/10|||COLN4746514|DIP REV|Corp|BBG000168Y92|||||25605||||
CENTENNIAL HEALTHCARE CORP|WARPIN L 01/22/04|||COLN1221198|DIP REV|Corp|BBG000126X04|||||25605||||
CENTURY CABLE HOLDINGS LLC|ADELQ L 03/31/05 A|||COLN1646584|DIP REV|Corp|BBG00012M8S1|||||25605||||
CENTURY CABLE HOLDINGS LLC|ADELQ L 03/31/05 B|||COLN1647186|DIP REV|Corp|BBG00012M945|||||25605||||
CENTURY CABLE HOLDINGS LLC|ADELQ L 03/31/06 A|||COLN2031406|DIP REV|Corp|BBG000131JY1|||||25605||||
CENTURY CABLE HOLDINGS LLC|ADELQ L 06/25/04 A|||COLN0854601|DIP REV|Corp|BBG00011X678|||||25605||||
CENTURY CABLE HOLDINGS LLC|ADELQ L 06/25/04 B|||COLN0854643|DIP REV|Corp|BBG00011X687|||||25605||||
CENTURY CABLE HOLDINGS LLC|ADELQ L 08/07/06 A|||COLN2689427|DIP REV|Corp|BBG00013TQ11|||||25605||||
CHARLIE BROWNS INC|CHABRO L 12/31/49 1|||COBL7603923|DIP REV|Corp|BBG001FDNSR6|||||25605||||
CHART INDUSTRIES INC/OLD|CTITQ L 08/18/03|||COLN1318424|DIP REV|Corp|BBG000129RH6|||||25605||||
CHEMTURA CORP|CHMT L 02/11/11|||COBL5724143|DIP REV|Corp|BBG00017GG09|||||25605||||
CHEMTURA CORP|CHMT L 03/17/10 R2|||COLN4514755|DIP REV|Corp|BBG000160735|||||25605||||
CHEMTURA CORP|CHMT L 06/22/10 R1|||COLN4514714|DIP REV|Corp|BBG000160726|||||25605||||
CHESAPEAKE CORP|CSKE L 05/31/09|||COLN4325475|DIP REV|Corp|BBG00015SCX3|||||25605||||
CHOICE ONE COMMUNICATIONS|ELNK L 04/05/05|||COLN1848065|DIP REV|Corp|BBG00012V0N3|||||25605||||
CHRYSLER LLC|CRYSLR L 06/29/09|||COLN4665201|DIP REV|Corp|BBG000165WS8|||||25605||||
CIT GROUP INC|CIT L 12/31/49|||COBL5475555|DIP REV|Corp|BBG000175FP6|||||25605||||
CITATION CORP|CCRP L 05/14/06|||COLN1831996|DIP REV|Corp|BBG00012TMZ5|||||25605||||
CLASSIC CABLE INC|CLACOM L 12/11/02|||COLN0679586|DIP REV|Corp|BBG00011M144|||||25605||||
CLEARWATER NATURAL RESOURCE|CLENAT L 07/12/09|||COLN4413255|DIP REV|Corp|BBG00015WH94|||||25605||||
COLLINS & AIKMAN PRODCTS|CKCR L 05/17/07 A|||COLN2145081|DIP REV|Corp|BBG000135TW7|||||25605||||
COLLINS & AIKMAN PRODUCTS|CKCR L 08/31/07|||COLN2332010|DIP REV|Corp|BBG00013DH54|||||25605||||
COMDISCO INC|CDSOQ L 08/24/03|||COLN0436862|DIP REV|Corp|BBG000119DJ7|||||25605||||
CONE MILLS CORP|ITXN L 12/11/04|||COLN1443685|DIP REV|Corp|BBG00012F346|||||25605||||
CONGOLEUM CORP|CGMC L 06/30/10|||COBL5467214|DIP REV|Corp|BBG000174M63|||||25605||||
CONSECO FINANCE CORP|CNCEQ L 05/31/03|||COLN1130464|DIP REV|Corp|BBG000125695|||||25605||||
CONTECH LLC|CONTEC L 07/10/09|||COLN4381759|DIP REV|Corp|BBG00015V5D6|||||25605||||
CONVERSE INC|FOOTAQ L 12/31/01 *|||COLN0353919|DIP REV|Corp|BBG000114590|||||25605||||
COSMOS INITIA|RECCOS L 12/31/49|||COLN4759079|DIP REV|Corp|BBG000169763|||||25605||||
COVANTA ENERGY CORPORATION|CVA L 04/01/04 A|||COLN0744927|DIP REV|Corp|BBG00011RMX1|||||25605||||
CRABTREE & EVELYN LTD|CRABTR L 02/01/10|||COBL5103652|DIP REV|Corp|BBG00016Q1J3|||||25605||||
CRESCENT RESOURCES LLC|CRERES L 06/16/10 R1|||COLN4775927|DIP REV|Corp|BBG000169MW1|||||25605||||
CROWN PACIFIC LP|CRPP L 12/29/04|||COLN1275582|DIP REV|Corp|BBG000128FW6|||||25605||||
CROWN PAPER COMPANY|CVANQ L 09/14/01|||COLN0256385|DIP REV|Corp|BBG00010XG32|||||25605||||
CRUCIBLE MATERIALS CORP|CRUCIB L 11/06/09 R1|||COLN4683709|DIP REV|Corp|BBG000166B67|||||25605||||
D 56 INC|LENX L 11/01/09|||COLN4249196|DIP REV|Corp|BBG00015PCZ4|||||25605||||
DAIRY MART CONVEN STRS|DMCSQ L 09/26/02 ^|||COLN1566766|DIP REV|Corp|BBG00012JBC5|||||25605||||
DAN RIVER INC|DVERQ L 04/01/05|||COLN1618757|DIP REV|Corp|BBG00012L0G2|||||25605||||
DANA CANADA CORP|DAN L 12/22/06|||COLN2766134|DIP REV|Corp|BBG00013XLQ0|||||25605||||
DANA CORP|DAN L 03/03/08 *|||COLN2581301|DIP REV|Corp|BBG00013PZM2|||||25605||||
DAYTON SUPERIOR CORP|DSUP L 04/22/10|||COLN4635071|DIP REV|Corp|BBG000164P22|||||25605||||
DBSD NORTH AMERICA INC|PCO L 06/30/10 R|||COBL6336491|DIP REV|Corp|BBG000186LG0|||||25605||||
DEB SHOPS INC|DEBS L 12/24/11 1|||COBL8273544|DIP REV|Corp|BBG001Y0WJM8|||||25605||||
DECODE GENETICS INC|DCGN L 01/15/10|||COBL5484466|DIP REV|Corp|BBG000175NK4|||||25605||||
DELPHI CORP|DPH L 10/07/09 A|||COLN3135826|DIP REV|Corp|BBG00014BW51|||||25605||||
DELPHI CORP|DPH L 10/07/09 C|||COLN4747595|DIP REV|Corp|BBG000168Z17|||||25605||||
DELPHI CORP|DPH L 10/08/07 A|||COLN2412077|DIP REV|Corp|BBG00013HKC5|||||25605||||
DRUG FAIR GROUP INC|DRUGFA L 07/24/09|||COBL4835106|DIP REV|Corp|BBG00016D7J4|||||25605||||
DURA OPERATING CORP|DRMV L 06/30/08 AB|||COLN3042493|DIP REV|Corp|BBG000147J82|||||25605||||
E.SPIRE COMMUNICATIONS INC|ESPIQ L 10/10/02|||COLN0430014|DIP REV|Corp|BBG0001193M5|||||25605||||
EAGLEPICHER INC|EAGLEP L 08/01/06|||COLN2126313|DIP REV|Corp|BBG000134X68|||||25605||||
EAGLEPICHER INC|EAGLEP L 12/29/10 R1|||COLN2504659|DIP REV|Corp|BBG00013M257|||||25605||||
EDDIE BAUER INC|EBHI L 01/31/10|||COBL4788974|DIP REV|Corp|BBG000169YF4|||||25605||||
ENRON CORP|ENRNQ L 06/03/03|||COLN0692373|DIP REV|Corp|BBG00011N6G9|||||25605||||
ENRON CORP|ENRNQ L 07/11/03|||COLN0996345|DIP REV|Corp|BBG000121XC6|||||25605||||
EQUITY MEDIA HOLDINGS CORP|EMDA L 12/31/49|||COLN4373731|DIP REV|Corp|BBG00015TZB5|||||25605||||
ERICKSON RETIREMENT COMM|ERIRET L 02/16/10|||COBL5689734|DIP REV|Corp|BBG00017FMG0|||||25605||||
ES-CON JAPAN LTD|ESCON L 12/31/49|||COBL5364544|DIP REV|Corp|BBG000170XN4|||||25605||||
ESMARK INC|CHMFRU L 11/17/02 **|||COLN0331774|DIP REV|Corp|BBG000112Q32|||||25605||||
ETOYS DIRECT 1 LLC|ETYSQ L 02/20/09|||COLN4330707|DIP REV|Corp|BBG00015SJ04|||||25605||||
EUROFRESH INC|EUROFE L 12/31/49|||COLN4641327|DIP REV|Corp|BBG000164T60|||||25605||||
EVERGREEN TRANSPORTATION|EVRTRN L 01/14/10|||COBL4962025|DIP REV|Corp|BBG00016JCH9|||||25605||||
EVIDENT TECHNOLOGIES|EVIDEN L 12/31/49|||COBL4855872|DIP REV|Corp|BBG00016DQG5|||||25605||||
EXIDE TECHNOLOGIES/OLD|EXDTQ L 05/15/04|||COLN0747144|DIP REV|Corp|BBG00011RR42|||||25605||||
EXODUS COMMUNICATIONS INC|EXOCOM L 11/14/03 A|||COLN0691037|DIP REV|Corp|BBG00011N4D7|||||25605||||
EXODUS COMMUNICATIONS INC|EXOCOM L 11/14/03 B|||COLN0691052|DIP REV|Corp|BBG00011N4F5|||||25605||||
FAIRPOINT COMMUNICATIONS IN|FRP L 01/31/11|||COBL5410891|DIP REV|Corp|BBG000172PN9|||||25605||||
FALCON PRODUCTS INC|FCPR L 02/04/06|||COLN2011507|DIP REV|Corp|BBG000131385|||||25605||||
FARMLAND INDUSTRIES INC|FMLD L 11/30/03 A|||COLN0792090|DIP REV|Corp|BBG00011TNR4|||||25605||||
FARMLAND INDUSTRIES INC|FMLD L 11/30/03 B|||COLN0956075|DIP REV|Corp|BBG000120DF8|||||25605||||
FEDDERS NORTH AMERICA INC|FJCC L 02/22/08|||COLN3543300|DIP REV|Corp|BBG00014V674|||||25605||||
FEDERAL-MOGUL CORPORATION|FDMLQ L 10/01/03 A|||COLN1212759|DIP REV|Corp|BBG000126R25|||||25605||||
FEDERAL-MOGUL CORP|FDMLQ L 02/06/05 A|||COLN1312740|DIP REV|Corp|BBG000129ND9|||||25605||||
FEDERAL-MOGUL CORP|FDMLQ L 12/09/05|||COLN1916938|DIP REV|Corp|BBG00012XVJ8|||||25605||||
FEDERAL-MOGUL CORP|FDMLQ L 12/31/07 R1|||COLN3053334|DIP REV|Corp|BBG000147SB8|||||25605||||
FEDERAL-MOGUL CORP|FDMLQ L 12/31/07|||COLN2581582|DIP REV|Corp|BBG00013PZT5|||||25605||||
FILENE'S BASEMENT INC|BSMTQ L 02/23/01 A|||COLN0167798|DIP REV|Corp|BBG00010Q1Y9|||||25605||||
FILENE'S BASEMENT INC|BSMTQ L 02/23/01 B|||COLN0167855|DIP REV|Corp|BBG00010Q213|||||25605||||
FILI ENTERPRISES INC|FILENT L 07/31/10|||COBL5709821|DIP REV|Corp|BBG00017G362|||||25605||||
FLEETWOOD HOLDINGS INC|FLTW L 07/31/10|||COLN3144331|DIP REV|Corp|BBG00014C2X5|||||25605||||
FLEMING COMPANIES INC|FLMIQ L 04/22/03|||COLN1219754|DIP REV|Corp|BBG000126W51|||||25605||||
FLEMING COMPANIES INC|FLMIQ L 10/01/04|||COLN1219911|DIP REV|Corp|BBG000126W97|||||25605||||
FLORSHEIM GROUP INC|FLSCQ L 08/31/02|||COLN0728102|DIP REV|Corp|BBG00011QDS8|||||25605||||
FOAMEX-LP|FMXIQ L 03/22/07|||COLN2336540|DIP REV|Corp|BBG00013DL00|||||25605||||
FONTAINEBLEAU LAS VEGAS|FONNEV L 02/09/10 R|||COBL5758265|DIP REV|Corp|BBG00017HVK3|||||25605||||
FONTAINEBLEAU LAS VEGAS|FONNEV L 02/09/10|||COBL5365624|DIP REV|Corp|BBG000170YJ7|||||25605||||
FOOTSTAR INC|FTSTQ L 03/04/06 A*|||COLN2014212|DIP REV|Corp|BBG0001314Z3|||||25605||||
FOOTSTAR INC|FTSTQ L 03/04/06 A|||COLN1580353|DIP REV|Corp|BBG00012JKQ0|||||25605||||
FOOTSTAR INC|FTSTQ L 03/04/06 B|||COLN1580395|DIP REV|Corp|BBG00012JKR9|||||25605||||
FOOTSTAR INC|FTSTQ L 10/31/06 A|||COLN2014295|DIP REV|Corp|BBG000131517|||||25605||||
FOOTSTAR INC|FTSTQ L 11/30/08 R1|||COLN2432802|DIP REV|Corp|BBG00013J1R9|||||25605||||
FOOTSTAR INC|FTSTQ L 12/31/08|||COLN2577663|DIP REV|Corp|BBG00013P922|||||25605||||
FORMTECH INDUSTRIES LLC|FORMTE L 12/31/49|||COBL5086725|DIP REV|Corp|BBG00016P364|||||25605||||
FRANK'S NURSERY & CRAFTS|FNCHOL L 02/19/03|||COLN0395704|DIP REV|Corp|BBG0001170G0|||||25605||||
FRASER PAPERS INC|BAMACN L 09/30/10|||COBL4793461|DIP REV|Corp|BBG00016BMV9|||||25605||||
FRIEDMAN'S INC|FRDMQ L 01/31/06|||COLN2011820|DIP REV|Corp|BBG0001313H5|||||25605||||
FRIEDMAN'S INC|FRDMQ L 05/27/07 *|||COLN2172358|DIP REV|Corp|BBG000136HJ7|||||25605||||
FRUIT OF THE LOOM INC|BRK L 12/31/01 **|||COLN0204823|DIP REV|Corp|BBG00010T158|||||25605||||
GALEY & LORD INC|GYLDQ L 02/23/04|||COLN0735792|DIP REV|Corp|BBG00011R817|||||25605||||
GARLOCK SEALING TECHNOLOGIE|NPO L 12/07/11|||COBL6364055|DIP REV|Corp|BBG0001878P8|||||25605||||
GENERATION BRANDS HOLDINGS|GENBRD L 12/31/49|||COBL5571411|DIP REV|Corp|BBG000178ZJ6|||||25605||||
GENMAR HOLDINGS INC|GNMR L 12/31/49|||COLN4751449|DIP REV|Corp|BBG0001691S2|||||25605||||
GLOUCESTER ENGINEERING|GLOENG L 09/30/10|||COBL6489340|DIP REV|Corp|BBG00018D0T4|||||25605||||
GOLDEN BOOKS PUBLISHING CO|GBFEQ L 06/07/02 *|||COLN0418605|DIP REV|Corp|BBG000117ZP3|||||25605||||
GOODY'S FAMILY CLOTHING INC|GDYS L 06/11/13|||COLN3968515|DIP REV|Corp|BBG00015C4Q6|||||25605||||
GOTTSCHALKS INC|GOT L 01/16/10|||COLN4340813|DIP REV|Corp|BBG00015SQY1|||||25605||||
GRAND UNION CO|GUCO L 04/03/01|||COLN0335304|DIP REV|Corp|BBG000112VB2|||||25605||||
GRAND UNION CO|GUCO L 04/23/03 *|||COLN0080876|DIP REV|Corp|BBG00010HQ83|||||25605||||
GRAND UNION CO|GUCO L 10/22/98|||COLN0080934|DIP REV|Corp|BBG00010HQC8|||||25605||||
GREEKTOWN HOLDINGS LLC|GREEKT L 12/31/09 R1|||COLN3956312|DIP REV|Corp|BBG00015BC25|||||25605||||
GREENWOOD FINANCIAL INC|OHB L 03/01/11|||COBL5858529|DIP REV|Corp|BBG00017MZV6|||||25605||||
GS TECH OPERATING CO|GSTECH L 03/07/02|||COLN1992087|DIP REV|Corp|BBG000130475|||||25605||||
GUILFORD MILLS INC|GUILFD L 03/13/03|||COLN0980588|DIP REV|Corp|BBG000120Z14|||||25605||||
HARTMARX CORP|HMX L 07/31/09|||COLN4355001|DIP REV|Corp|BBG00015TKK8|||||25605||||
HAYES LEMMERZ INTL INC|HAYLEM L 06/05/03|||COLN0713898|DIP REV|Corp|BBG00011PRS8|||||25605||||
HEATING OIL PARTNERS LP|HEAOIL L 04/04/07|||COLN2390794|DIP REV|Corp|BBG00013GF82|||||25605||||
HEILIG-MEYERS CO|HMYRQ L 08/16/02 A|||COLN0301405|DIP REV|Corp|BBG000110P27|||||25605||||
HENDRICKS FURNITITURE GROUP|HNDRCK L 12/31/49|||COBL5746203|DIP REV|Corp|BBG00017HK63|||||25605||||
HINES NURSERIES INC|HORT L 01/09/10|||COLN4639644|DIP REV|Corp|BBG000164S17|||||25605||||
HOLLEY PERFORMANCE PRODUCTS|HOLLPP L 01/08/09|||COLN3855233|DIP REV|Corp|BBG000156P04|||||25605||||
HOOP HOLDINGS LLC|HOOPHO L 09/25/08|||COLN3917827|DIP REV|Corp|BBG000158VN4|||||25605||||
HUFFY CORP|HUFCQ L 09/20/05|||COLN1895231|DIP REV|Corp|BBG00012WRG1|||||25605||||
ICG COMMUNICATIONS INC|ICGXQ L 05/14/02|||COLN0437373|DIP REV|Corp|BBG000119F57|||||25605||||
IMPERIAL SUGAR CO|IPSU L 03/31/01 *^|||COLN0353216|DIP REV|Corp|BBG0001144H4|||||25605||||
IMPERIAL SUGAR CO|IPSU L 08/31/01 ^^|||COLN0353190|DIP REV|Corp|BBG0001144G5|||||25605||||
INDALEX HOLDING CORP|INDALX L 10/08/09|||COLN4601057|DIP REV|Corp|BBG000163BJ6|||||25605||||
INSIGHT HEALTH SRVS HLDG CR|ISGT L 05/31/11 1|||COBL7398854|DIP REV|Corp|BBG001B594L2|||||25605||||
INTEGRATED HEALTH SERVICES|IHSVQ L 02/03/02|||COLN0216843|DIP REV|Corp|BBG00010TKQ3|||||25605||||
INTEGRATED HEALTH SERVICES|IHSVQ L 03/26/03|||COLN0742202|DIP REV|Corp|BBG00011RJ04|||||25605||||
INTERMET CORP|INMTQ L 11/10/05|||COLN1865804|DIP REV|Corp|BBG00012VFV1|||||25605||||
INTERSTATE BAKERIES|IBCIQ L 02/09/09 A|||COLN3665616|DIP REV|Corp|BBG00014Z8Q5|||||25605||||
INTERSTATE BAKERIES|IBCIQ L 02/09/09 B|||COLN3894117|DIP REV|Corp|BBG0001588S0|||||25605||||
INTERSTATE BAKERIES|IBCIQ L 09/12/13 R|||COLN4129513|DIP REV|Corp|BBG00015JVZ9|||||25605||||
JACOBSON STORES|JCBSQ L 01/30/03|||COLN0720620|DIP REV|Corp|BBG00011Q293|||||25605||||
JAMES RIVER COAL CORP|JRCOAL L 03/07/04|||COLN1221156|DIP REV|Corp|BBG000126WZ8|||||25605||||
JAPAN AIRLINES CO LTD|JALSTM L 12/31/49 R1|||COBL5726015|DIP REV|Corp|BBG00017GHH9|||||25605||||
JAPAN AIRLINES CO LTD|JALSTM L 12/31/49 R2|||COBL5706819|DIP REV|Corp|BBG00017G0X8|||||25605||||
JG WENTWORTH & CO INC|JGWC L 12/31/49|||COLN4716509|DIP REV|Corp|BBG000167NG9|||||25605||||
JOHNNY APPLESEED'S INC|APPSED L 05/19/11 A|||COBL7581699|DIP REV|Corp|BBG001DMCPY8|||||25605||||
JORE CORPORATION|JOREQ L 12/31/01|||COLN0431780|DIP REV|Corp|BBG000119675|||||25605||||
KAISER ALUMINUM & CHEMICAL|KALU L 02/13/05|||COLN0733888|DIP REV|Corp|BBG00011QND2|||||25605||||
KAISER ALUMINUM & CHEM|KALU L 08/31/06|||COLN2021019|DIP REV|Corp|BBG0001319J0|||||25605||||
KASPER A.S.L. LIMITED|JNY L 02/05/03 A|||COLN0760915|DIP REV|Corp|BBG00011SXS2|||||25605||||
KASPER A.S.L. LIMITED|JNY L 12/31/03 X8|||COLN1132270|DIP REV|Corp|BBG000125784|||||25605||||
KMART CORP/OLD|KMACOR L 04/22/04|||COLN0717675|DIP REV|Corp|BBG00011PY49|||||25605||||
LAKE LAS VEGAS RESORT|LAKLAS L 04/30/10|||COLN4645989|DIP REV|Corp|BBG000164XH9|||||25605||||
LANDSOURCE HOLDING CO|LANCOM L 12/31/09|||COLN4024714|DIP REV|Corp|BBG00015F5B6|||||25605||||
LAROCHE INDUSTRIES INC|LCHEV L 10/31/01 A|||COLN0325503|DIP REV|Corp|BBG000112G07|||||25605||||
LECHTERS INC|LECH L 05/31/03 A|||COLN0380615|DIP REV|Corp|BBG000115TX0|||||25605||||
LEHMAN BROTHERS HOLDINGS INC|LEH L 03/17/09 R1|||COLN4129398|DIP REV|Corp|BBG00015JVW2|||||25605||||
LERNOUT & HAUSPIE SPEECH PRO|LERHAU L 03/20/02|||COLN0370046|DIP REV|Corp|BBG000115DJ1|||||25605||||
LIBERTY HOUSE INC|M L 04/27/01|||COLN0305620|DIP REV|Corp|BBG000110V97|||||25605||||
LINENS N THINGS INC|LIN L 05/02/09|||COLN3921324|DIP REV|Corp|BBG000159HP2|||||25605||||
LODGIAN INC/OLD|LGN L 12/20/02|||COLN0740792|DIP REV|Corp|BBG00011RFY5|||||25605||||
LOEHMANNS OPERATING CO|LHMS L 12/31/49 1|||COBL7262852|DIP REV|Corp|BBG00191Y3Y4|||||25605||||
LOEHMANNS OPERATING CO|LHMS L 12/31/49 2|||COBL7440086|DIP REV|Corp|BBG001BMZ310|||||25605||||
LOEWEN GROUP INTERNATIONAL|LOWGQ L 06/01/01|||COLN0165875|DIP REV|Corp|BBG00010PZ93|||||25605||||
LOEWS CINEPLEX ENTERT/OLD|LOCIEN L 04/06/03|||COLN0390382|DIP REV|Corp|BBG0001166K3|||||25605||||
LTV CORP|LTVCQ L 06/30/02 ^|||COLN0415486|DIP REV|Corp|BBG000117V63|||||25605||||
LTV CORP|LTVCQ L 06/30/02|||COLN0583788|DIP REV|Corp|BBG00011CVY6|||||25605||||
MALL OF AMERICA KAY-BEE TOY|MALAME L 01/19/07|||COLN1547048|DIP REV|Corp|BBG00012J0N7|||||25605||||
MAXXIM MEDICAL INC|FOXPAI L 02/12/04|||COLN1143343|DIP REV|Corp|BBG000125GM8|||||25605||||
MCLEODUSA INC|MCLD L 06/01/06|||COLN2478060|DIP REV|Corp|BBG00013KT32|||||25605||||
MEADOWCRAFT INC|MWIACQ L 09/19/03|||COLN0948932|DIP REV|Corp|BBG00011ZN15|||||25605||||
MECACHROME INTL INC|MCHCN L 12/31/09|||COLN4509060|DIP REV|Corp|BBG0001602X3|||||25605||||
MEDICAL STAFFING NETWORK INC|MSNW L 10/05/10|||COBL6417168|DIP REV|Corp|BBG000189RQ3|||||25605||||
MEDIQ/PRN LIFE SUPPORT|MEDINC L 10/24/01|||COLN0412434|DIP REV|Corp|BBG000117QH2|||||25605||||
MERIDIAN AUTOMOTIVE SYSTEMS|MERAUT L 10/27/06|||COLN2139639|DIP REV|Corp|BBG000135Q80|||||25605||||
MERISANT CO|MERI L 08/09/09|||COLN4341720|DIP REV|Corp|BBG00015SRB4|||||25605||||
MERIT GROUP INC|MERGRP L 12/31/49 1|||COBL7962949|DIP REV|Corp|BBG001PKV1G1|||||25605||||
MERVYN'S LLC|MERVYN L 12/31/09 A|||COLN1798872|DIP REV|Corp|BBG00012SBQ0|||||25605||||
MERVYN'S LLC|MERVYN L 12/31/09 B|||COLN3742514|DIP REV|Corp|BBG000152744|||||25605||||
METAL MANAGEMENT INC|MTLMQ L 06/30/01|||COLN0332350|DIP REV|Corp|BBG000112QV1|||||25605||||
METALDYNE CORP|ASATEC L 12/31/49|||COLN4738040|DIP REV|Corp|BBG000168522|||||25605||||
METALS USA INC|METUSA L 06/30/03|||COLN0734993|DIP REV|Corp|BBG00011R719|||||25605||||
MILACRON INC|MZIA L 12/31/49 R2|||COLN4504053|DIP REV|Corp|BBG00015ZZ28|||||25605||||
MIRANT CORP/OLD|MIR L 01/31/06|||COLN1464004|DIP REV|Corp|BBG00012FHP2|||||25605||||
MISSISSIPPI CHEMICAL CORP|TRA L 08/16/04|||COLN1198156|DIP REV|Corp|BBG000125XB3|||||25605||||
MISSISSIPPI CHEMICAL CORP|TRA L 12/31/04|||COLN1716536|DIP REV|Corp|BBG00012PF66|||||25605||||
MONTGOMERY WARD & CO INC|GE L 07/07/99|||COLN0062296|DIP REV|Corp|BBG00010F7F9|||||25605||||
MORSE SHOE INC|FTAR L 05/18/03|||COLN0722048|DIP REV|Corp|BBG00011Q417|||||25605||||
MORTON INDUSTRIAL GROUP INC|MGRP L 12/31/49|||COLN4529068|DIP REV|Corp|BBG000161244|||||25605||||
MOVIE GALLERY INC|MVGR L 09/30/08|||COLN3631386|DIP REV|Corp|BBG00014YFM4|||||25605||||
MULTICARE COMPANIES INC|GVNTQ L 12/21/01 *|||COLN0288511|DIP REV|Corp|BBG00010ZKD0|||||25605||||
MUSICLAND HOLDING CORP|MUSICL L 01/12/07|||COLN2606629|DIP REV|Corp|BBG00013QL79|||||25605||||
NAME|ID_BB_SEC_NUM_DES|FEED_SOURCE|ID_BB_SEC_NUM_SRC|ID_BB_UNIQUE|SECURITY_TYP|MARKET_SECTOR_DES|ID_BB_GLOBAL|COMPOSITE_ID_BB_GLOBAL|FEED_EID1|FEED_EID2|FEED_EID3|FEED_EID4|FEED_DELAYED_EID1|Subscription String 1|Subscription String 2|Subscription String 3
NATIONAL STEEL CORP|NSTLQ L 03/06/04 A|||COLN0730223|DIP REV|Corp|BBG00011QHH1|||||25605||||
NATIONAL STEEL CORP|NSTLQ L 03/06/04 B|||COLN0823572|DIP REV|Corp|BBG00011VYN1|||||25605||||
NATIONSRENT INC|NRNTQ L 06/18/03|||COLN0757945|DIP REV|Corp|BBG00011SSW8|||||25605||||
NATIONSRENT INC|NRNTQ L 06/30/03|||COLN1117024|DIP REV|Corp|BBG000124XS6|||||25605||||
NEENAH FOUNDRY CO|NEENAH L 11/05/10|||COBL5803038|DIP REV|Corp|BBG00017KG68|||||25605||||
NEFF CORP|NEFF L 02/28/11|||COBL6230140|DIP REV|Corp|BBG000182873|||||25605||||
NEWARK GROUP INC|NEWARK L 12/31/49 1|||COBL6191086|DIP REV|Corp|BBG000180SG1|||||25605||||
NISSAN RINKAI CONSTRUCTION|RINKAI L 12/31/49 A|||COBL5409695|DIP REV|Corp|BBG000172NP2|||||25605||||
NISSAN RINKAI CONSTRUCTION|RINKAI L 12/31/49|||COBL5409778|DIP REV|Corp|BBG000172NR0|||||25605||||
NOMA COMPANY|GNKIQ L 11/10/08 *|||COLN1407086|DIP REV|Corp|BBG00012CYQ7|||||25605||||
NOMA COMPANY|GNKIQ L 11/10/08|||COLN1407045|DIP REV|Corp|BBG00012CYP8|||||25605||||
NTELOS INC/OLD|NTLOQ L 12/01/03|||COLN1127353|DIP REV|Corp|BBG000125481|||||25605||||
NUTRACEA|NTRZ L 12/31/10|||COBL5464575|DIP REV|Corp|BBG000174K76|||||25605||||
OGLEBAY NORTON CO|OGLE L 07/14/05 *|||COLN1740866|DIP REV|Corp|BBG00012QHY0|||||25605||||
ONEIDA LTD|ONEI L 03/20/07|||COLN2625538|DIP REV|Corp|BBG00013RLZ7|||||25605||||
ORIENTAL SHIRAISHI CORP|ORLCON L 11/30/09|||COBL5562394|DIP REV|Corp|BBG000178RQ6|||||25605||||
ORTHODONTIC CENTERS OF AMER|OCA L 09/17/06|||COLN2686522|DIP REV|Corp|BBG00013TMZ3|||||25605||||
OWENS CORNING|OC L 11/01/06|||COLN1881249|DIP REV|Corp|BBG00012WDZ1|||||25605||||
PAC ETHANOL HOLDING CO|PEIX L 01/30/10|||COLN4711096|DIP REV|Corp|BBG000167JD1|||||25605||||
PAC ETHANOL HOLDING CO|PEIX L 06/30/10 RU|||COBL6385035|DIP REV|Corp|BBG000188DF7|||||25605||||
PACIFIC ENERGY RESOURCES|PFECN L 09/10/09|||COLN4466626|DIP REV|Corp|BBG00015YDM6|||||25605||||
PALM HARBOR HOMES INC|PHHM L 04/30/11 1|||COBL7342571|DIP REV|Corp|BBG0019Q35R6|||||25605||||
PARAGON TRADE BRANDS INC|COV L 03/26/00|||COLN0081437|DIP REV|Corp|BBG00010HRY2|||||25605||||
PCAA PARENT LLC|MIC L 12/31/49|||COBL5764230|DIP REV|Corp|BBG00017HZX0|||||25605||||
PERKINS & MARIE CALLENDER'S|PFR L 12/31/49 1|||COBL8070015|DIP REV|Corp|BBG001R078T1|||||25605||||
PHAR-MOR INC|PMORQ L 09/24/03|||COLN0459195|DIP REV|Corp|BBG00011BSZ3|||||25605||||
PHILADELPHIA NEWSPAPERS INC|PHINEW L 11/30/09|||COLN4424450|DIP REV|Corp|BBG00015WRT0|||||25605||||
PHILADELPHIA NEWSPAPERS INC|PHINEW L 12/31/49 1|||COBL6190005|DIP REV|Corp|BBG000180RL7|||||25605||||
PILGRIM'S PRIDE CORP|PPC L 01/31/10|||COLN4268048|DIP REV|Corp|BBG00015QFH6|||||25605||||
PILLOWTEX CORP/OLD|PILINC L 06/30/02|||COLN0336906|DIP REV|Corp|BBG000112XJ0|||||25605||||
PLIANT CORP|PLIA L 01/04/08|||COLN2512181|DIP REV|Corp|BBG00013M7G4|||||25605||||
PLIANT CORP|PLIA L 07/18/11|||COLN4187545|DIP REV|Corp|BBG00015MCB3|||||25605||||
POINT BLANK SOLUTIONS INC|PBSO L 09/30/10|||COBL6064515|DIP REV|Corp|BBG00017W2P5|||||25605||||
POLYMER GROUP INC|POLGRO L 05/30/03|||COLN0801453|DIP REV|Corp|BBG00011VGS5|||||25605||||
POPE & TALBOT LTD|PTBT L 04/25/08|||COLN3681605|DIP REV|Corp|BBG0001505H6|||||25605||||
PRECISION PARTS INTERNATION|PPILLC L 03/02/09|||COLN4282049|DIP REV|Corp|BBG00015QRY1|||||25605||||
PROFESSIONAL VETERINARY PRO|PROVET L 01/31/13|||COBL5942190|DIP REV|Corp|BBG00017R3C3|||||25605||||
PROPEX FABRICS INC|PROPEX L 01/23/09|||COLN3776025|DIP REV|Corp|BBG000153L33|||||25605||||
PROTOSTAR I LTD|PROSTA L 12/31/49|||COBL4937811|DIP REV|Corp|BBG00016HT11|||||25605||||
PROTOSTAR II LTD|PROSTA L 12/31/49 R1|||COBL4937894|DIP REV|Corp|BBG00016HT39|||||25605||||
PTC ALLIANCE CORP|PTCALL L 12/31/49|||COBL5339603|DIP REV|Corp|BBG00016ZSQ6|||||25605||||
QIMONDA NORTH AMERICA CORP|QMNDQ L 12/31/49 1|||COBL8067177|DIP REV|Corp|BBG001QZYDC2|||||25605||||
QUEBECOR WORLD INC|QUAD L 07/21/09 R|||COLN3775175|DIP REV|Corp|BBG000153KK6|||||25605||||
QUESTEX MEDIA GROUP INC|QUESTM L 04/03/10|||COBL5518099|DIP REV|Corp|BBG000177362|||||25605||||
RADNOR HOLDINGS CORP|RADHOL L 12/23/06|||COLN2865811|DIP REV|Corp|BBG0001412F7|||||25605||||
RAILWORKS CORP|RWKSQ L 09/30/02 *|||COLN0745965|DIP REV|Corp|BBG00011RPJ0|||||25605||||
RAILWORKS CORP|RWKSQ L 09/30/02 A|||COLN0745817|DIP REV|Corp|BBG00011RP82|||||25605||||
RAILWORKS CORP|RWKSQ L 09/30/02 ^|||COLN0704368|DIP REV|Corp|BBG00011NRR1|||||25605||||
RAILWORKS CORP|RWKSQ L 09/30/02|||COLN0675642|DIP REV|Corp|BBG00011LVD9|||||25605||||
RCLC INC|RONC L 10/15/10|||COBL6810842|DIP REV|Corp|BBG0015CRY74|||||25605||||
RECYCLED PAPER GREETINGS|AM L 12/30/49 R1|||COLN4446362|DIP REV|Corp|BBG00015XXH9|||||25605||||
REPUBLIC TECHNOLOGIES INTL|RESHOL L 12/15/02|||COLN0585478|DIP REV|Corp|BBG00011CXY2|||||25605||||
RHI ENTERTAINMNT|RHIE L 12/31/49 1|||COBL7414354|DIP REV|Corp|BBG001B9W7J4|||||25605||||
RITZ CAMERA CENTERS|RITZCA L 03/01/10|||COLN4425093|DIP REV|Corp|BBG00015WS90|||||25605||||
RJ TOWER CORP|TOWR L 08/02/07 A|||COLN2040217|DIP REV|Corp|BBG000131RH2|||||25605||||
ROUGE INDUSTRIES INC|RGIDQ L 04/24/04|||COLN1425799|DIP REV|Corp|BBG00012D7M9|||||25605||||
RUE21 INC|RUE L 05/14/06|||COLN1213393|DIP REV|Corp|BBG000126RK5|||||25605||||
S & K FAMOUS BRANDS INC|SKFB L 12/31/49|||COLN4384332|DIP REV|Corp|BBG00015V779|||||25605||||
SAFETY-KLEEN SERVICES INC|SKHOLD L 03/15/02|||COLN0333648|DIP REV|Corp|BBG000112SC8|||||25605||||
SAFETY-KLEEN SERVICES|SKHOLD L 03/22/05 B|||COLN0739216|DIP REV|Corp|BBG00011RD98|||||25605||||
SAFETY-KLEEN SERVICES|SKHOLD L 07/31/03 A|||COLN0739190|DIP REV|Corp|BBG00011RD89|||||25605||||
SANTA FE HOLDING CO INC|SFHD L 11/24/09|||COBL4897155|DIP REV|Corp|BBG00016G7T0|||||25605||||
SCHUTT SPORTS INC|SCHUTT L 12/31/10 1|||COBL6883724|DIP REV|Corp|BBG0015VXKD8|||||25605||||
SEA CONTAINERS LTD|SCRA L 07/31/09|||COLN3509905|DIP REV|Corp|BBG00014SVJ0|||||25605||||
SEAHAWK DRILLING INC|HAWK L 08/11/11 1|||COBL7650627|DIP REV|Corp|BBG001J2L142|||||25605||||
SEMCRUDE LP|SEMG L 09/30/09|||COLN4087034|DIP REV|Corp|BBG00015H9M4|||||25605||||
SERVICE MERCHANDISE CO|SVCDQ L 04/14/04|||COLN0220092|DIP REV|Corp|BBG00010TQC5|||||25605||||
SERVICE MERCHANDISE CO|SVCDQ L 08/31/01 **|||COLN0123122|DIP REV|Corp|BBG00010LS93|||||25605||||
SIMMONS BEDDING CO|SIMMON L 06/10/10|||COBL5313418|DIP REV|Corp|BBG00016Z4J7|||||25605||||
SIRVA WORLDWIDE INC|SIR L 06/30/08|||COLN3786784|DIP REV|Corp|BBG000153V31|||||25605||||
SKYE INTERNATIONAL INC|SKYI L 12/21/11|||COBL5609393|DIP REV|Corp|BBG00017BJ44|||||25605||||
SLEEP INNOVATIONS|SLEEPI L 04/08/09 R1|||COLN4176704|DIP REV|Corp|BBG00015M332|||||25605||||
SMURFIT-STONE CONTAIN CA|SSCC L 01/28/10 R1|||COLN4366628|DIP REV|Corp|BBG00015TT10|||||25605||||
SMURFIT-STONE CONTAINER ENT|SSCC L 01/28/10 A|||COLN4366545|DIP REV|Corp|BBG00015TSZ5|||||25605||||
SMURFIT-STONE CONTAINER ENT|SSCC L 01/28/10 B|||COLN4467582|DIP REV|Corp|BBG00015YFC2|||||25605||||
SOLSTICE LLC|SOLLLC L 01/31/10|||COLN4573314|DIP REV|Corp|BBG000162Q68|||||25605||||
SOLUTIA INC|SOA L 03/31/08 DR|||COLN1514204|DIP REV|Corp|BBG00012GXK1|||||25605||||
SOLUTIA INC|SOA L 12/19/05|||COLN1481198|DIP REV|Corp|BBG00012GDT6|||||25605||||
SOUTHWEST GEORGIA ETHANOL|FUET L 08/23/11 1|||COBL7629001|DIP REV|Corp|BBG001HTS0N9|||||25605||||
SPECIAL METALS CORP|PCP L 05/31/03|||COLN0774338|DIP REV|Corp|BBG00011T8B4|||||25605||||
SPECIALTY RETAILERS|SSI L 06/02/03 *|||COLN0341765|DIP REV|Corp|BBG0001133M1|||||25605||||
SPECTRUM BRANDS INC|SPB L 02/05/10|||COLN4373699|DIP REV|Corp|BBG00015TZ98|||||25605||||
SPIEGEL INC|SPGLQ L 03/17/05 *|||COLN1116398|DIP REV|Corp|BBG000124XM2|||||25605||||
SPIEGEL INC|SPGLQ L 03/17/05|||COLN1193504|DIP REV|Corp|BBG000125T77|||||25605||||
SPORTSMAN'S WAREHOUSE INC|SPTWAR L 12/31/49|||COLN4529183|DIP REV|Corp|BBG000161271|||||25605||||
ST VINCENTS CATHOLIC MEDICA|STVNCT L 12/31/49 A|||COBL6625042|DIP REV|Corp|BBG00018JWD5|||||25605||||
STANT CORP|STNT L 12/31/49|||COBL4933604|DIP REV|Corp|BBG00016HPT9|||||25605||||
STATION CASINOS INC|STACAS L 02/10/10|||COBL4956415|DIP REV|Corp|BBG00016J780|||||25605||||
STERLING CHEMICALS HLDGS|STXXQ L 07/19/03 **|||COLN0456779|DIP REV|Corp|BBG00011BQT4|||||25605||||
STERLING CHEMICALS HLDGS|STXXQ L 07/19/03 *|||COLN0456753|DIP REV|Corp|BBG00011BQS5|||||25605||||
STORM CAT ENERGY CORP|STCAT L 03/31/09|||COLN4275266|DIP REV|Corp|BBG00015QLS1|||||25605||||
SUMMIT BUSINESS MEDIA HLD|SUMBUS L 12/31/49 1|||COBL7597224|DIP REV|Corp|BBG001F88HC4|||||25605||||
SUN HEALTHCARE GROUP INC|SBRA L 02/28/02|||COLN0207164|DIP REV|Corp|BBG00010T4J7|||||25605||||
SUNTERRA CORP/OLD|SUNCRP L 07/31/02 *|||COLN0863578|DIP REV|Corp|BBG00011XDG3|||||25605||||
SUPERIOR TELECOMMUNICATIONS|LGCABM L 12/03/03|||COLN1123980|DIP REV|Corp|BBG000125221|||||25605||||
SYNTAX-BRILLIAN CORP|BRLC L 09/02/08|||COLN4034283|DIP REV|Corp|BBG00015FDH3|||||25605||||
TALON AUTOMOTIVE GROUP INC|TALON L 02/01/02|||COLN0454733|DIP REV|Corp|BBG00011BN75|||||25605||||
TERRESTAR CORP|TSTR L 12/31/49 2|||COBL7720628|DIP REV|Corp|BBG001KLY028|||||25605||||
TETON ENERGY CORP|TEC L 01/31/10|||COBL5618162|DIP REV|Corp|BBG00017BR37|||||25605||||
THERMADYNE MANUF LLC|THMD L 05/21/03|||COLN1285797|DIP REV|Corp|BBG000128MT5|||||25605||||
TLC VISION CORP|TLCCN L 05/20/10 R|||COBL5949641|DIP REV|Corp|BBG00017R8J5|||||25605||||
TLC VISION CORP|TLCCN L 12/31/49|||COBL5625944|DIP REV|Corp|BBG00017BXX1|||||25605||||
TOUSA INC|TOUS L 12/31/08|||COLN3782247|DIP REV|Corp|BBG000153QT4|||||25605||||
TOWNSENDS INC|TOWSND L 12/31/49 1|||COBL7465323|DIP REV|Corp|BBG001C9SSP5|||||25605||||
TOWNSENDS INC|TOWSND L 12/31/49 2|||COBL7517610|DIP REV|Corp|BBG001CPSKH5|||||25605||||
TRIBUNE RECEIVABLES LLC|TRB L 04/10/10 R1|||COLN4497126|DIP REV|Corp|BBG00015ZSX0|||||25605||||
TRICO MARINE ASSETS INC|TRMA L 05/04/05 *|||COLN1996013|DIP REV|Corp|BBG0001306Z9|||||25605||||
TRONOX INC|TROX L 12/24/09|||COLN4335706|DIP REV|Corp|BBG00015SMT6|||||25605||||
TRUE TEMPER SPORTS INC|TRUTEM L 12/31/49 R1|||COBL5336351|DIP REV|Corp|BBG00016ZQ80|||||25605||||
TRUMP HOTELS & CASINO RESOR|DJTCQ L 11/22/05|||COLN1978839|DIP REV|Corp|BBG00012ZV15|||||25605||||
TULTEX CORP|TLTXQ L 12/03/01|||COLN0196300|DIP REV|Corp|BBG00010RLT0|||||25605||||
TVI CORP|TVIN L 12/31/49|||COLN4578966|DIP REV|Corp|BBG000162V76|||||25605||||
U S OFFICE PRODUCTS CO|OFISQ L 07/31/01|||COLN0373719|DIP REV|Corp|BBG0001145R0|||||25605||||
ULTIMATE ELECTRONICS INC|ULTE L 07/14/06|||COLN2057385|DIP REV|Corp|BBG000132Q47|||||25605||||
ULTRA STORES INC|ULSTOR L 10/09/09|||COLN4608094|DIP REV|Corp|BBG000163H49|||||25605||||
UNITED AIRLINES INC|UAL L 12/30/05 A|||COLN0999588|DIP REV|Corp|BBG000121ZM0|||||25605||||
UNO RESTAURANT HOLDINGS|UNORES L 12/31/49|||COBL5728706|DIP REV|Corp|BBG00017H3X1|||||25605||||
USG CORP|USG L 06/25/04|||COLN0724218|DIP REV|Corp|BBG00011Q6S3|||||25605||||
VENCOR INC|VCRIQ L 03/31/01 A|||COLN0318904|DIP REV|Corp|BBG0001125H3|||||25605||||
VENCOR INC|VCRIQ L 03/31/01 B|||COLN0318920|DIP REV|Corp|BBG0001125J1|||||25605||||
VERASUN ALBERT CITY LLC|VSE L 01/15/09|||COLN4277346|DIP REV|Corp|BBG00015QNF1|||||25605||||
VERASUN CENTRAL CITY LLC|VSE L 11/03/09|||COLN4299571|DIP REV|Corp|BBG00015R621|||||25605||||
VERASUN DYERSVILLE LLC|VSE L 01/15/09 R|||COLN4277627|DIP REV|Corp|BBG00015QNN2|||||25605||||
VERASUN ENERGY CORP|VSE L 11/03/09 T1|||COLN4278997|DIP REV|Corp|BBG00015QPP5|||||25605||||
VERASUN HANKINSON LLC|VSE L 11/03/09 R1|||COLN4213242|DIP REV|Corp|BBG00015MZH6|||||25605||||
VERASUN JANESVILLE LLC|VSE L 01/15/09 R1|||COLN4302052|DIP REV|Corp|BBG00015R7Y4|||||25605||||
VERASUN ORD LLC|VSE L 11/03/09 R2|||COLN4277429|DIP REV|Corp|BBG00015QNH9|||||25605||||
VERASUN WOODBURY LLC|VSE L 11/15/09 FW|||COLN4279078|DIP REV|Corp|BBG00015QPR3|||||25605||||
VERTIS INC|VERTIS L 10/13/08|||COLN4018443|DIP REV|Corp|BBG00015F0W4|||||25605||||
VERTIS INC|VERTIS L 11/18/14|||COBL7287560|DIP REV|Corp|BBG00195V9Q4|||||25605||||
VICORP RESTAURANTS INC|VICORP L 04/04/09 R1|||COLN4160898|DIP REV|Corp|BBG00015L5Q3|||||25605||||
VICORP RESTAURANTS INC|VICORP L 04/04/09|||COLN4160856|DIP REV|Corp|BBG00015L5P4|||||25605||||
VISTEON CORP|VC L 06/30/09|||COLN4738248|DIP REV|Corp|BBG000168577|||||25605||||
WARNACO INC|WRC L 06/11/03 A|||COLN0424058|DIP REV|Corp|BBG000118V71|||||25605||||
WARNACO INC|WRC L 07/31/02 B|||COLN0424074|DIP REV|Corp|BBG000118V80|||||25605||||
WCI CAPITAL CORP|WCIIQ L 10/18/02|||COLN0394707|DIP REV|Corp|BBG000116CN7|||||25605||||
WCI COMMUNITIES INC|WCI L 09/24/09|||COLN4150626|DIP REV|Corp|BBG00015KY18|||||25605||||
WCI STEEL INC|CHMFRU L 12/29/04|||COLN1408555|DIP REV|Corp|BBG00012CZ93|||||25605||||
WEBLINK WIRELESS INC|WLNKQ L 12/31/01|||COLN0438454|DIP REV|Corp|BBG000119GJ0|||||25605||||
WEINER'S STORES INC|WEIR L 10/16/02|||COLN0339868|DIP REV|Corp|BBG000113181|||||25605||||
WEIRTON STEEL CORP|WRTLQ L 11/20/04|||COLN1195434|DIP REV|Corp|BBG000125VM5|||||25605||||
WELLMAN INC|WLM L 02/25/09|||COLN3806293|DIP REV|Corp|BBG000154XW4|||||25605||||
WESTPOINT STEVENS INC|WSPTQ L 12/02/05|||COLN1211397|DIP REV|Corp|BBG000126Q90|||||25605||||
WHITEHALL JEWELERS INC|JWLR L 12/31/08|||COLN3970800|DIP REV|Corp|BBG00015C6D5|||||25605||||
WICKES INC|WIKSQ L 03/24/05|||COLN1612057|DIP REV|Corp|BBG00012KVZ4|||||25605||||
WILLCOM INC|WILCOM L 12/31/49 A|||COBL5900677|DIP REV|Corp|BBG00017PKR1|||||25605||||
WINN-DIXIE STORES INC|WNDXQ L 02/23/07|||COLN2026323|DIP REV|Corp|BBG000131FF0|||||25605||||
WKI HOLDING CO|WKIHLD L 03/09/03|||COLN0869195|DIP REV|Corp|BBG00011XJ70|||||25605||||
WORLD KITCHEN INC|WKIHLD L 12/04/03|||COLN0775657|DIP REV|Corp|BBG00011T995|||||25605||||
WORLDCOM INC|WCOEQ L 07/21/04|||COLN2096144|DIP REV|Corp|BBG0001346S3|||||25605||||
WORLDCOM INC|WCOEQ L 07/23/04|||COLN0907953|DIP REV|Corp|BBG00011YXW0|||||25605||||
WR GRACE & CO|GRA L 04/01/10|||COLN2627583|DIP REV|Corp|BBG00013RND7|||||25605||||
YAZOO PIPELINE CO LP|YAZOOP L 07/03/09|||COLN4485212|DIP REV|Corp|BBG00015ZHN5|||||25605||||
ZANY BRAINY INC|ZANYQ L 05/16/03 **|||COLN0433752|DIP REV|Corp|BBG0001198H0|||||25605||||
